ccm4_0_12_ctrl_domain,ccm4_0_12_ctrl_title,ccm4_0_12_ctrl_id,ccm4_0_12_ctrl_specification,ccm4_0_12_ctrl_question_id,ccm4_0_12_ctrl_consensus_assessments_question,ccm4_0_12_ctrl_caiq_lite
Audit & Assurance - A&A,,,,,,
Audit & Assurance,Audit and Assurance Policy and Procedures,A&A-01,"Establish, document, approve, communicate, apply, evaluate and maintain
audit and assurance policies and procedures and standards. Review and update
the policies and procedures at least annually.
",A&A-01.1,"Are audit and assurance policies, procedures, and standards established, documented,
approved, communicated, applied, evaluated, and maintained?
",No
Audit & Assurance,,,,A&A-01.2,"Are audit and assurance policies, procedures, and standards reviewed and updated
at least annually?
",No
Audit & Assurance,Independent Assessments,A&A-02,"Conduct independent audit and assurance assessments according to
relevant standards at least annually.
",A&A-02.1,"Are independent audit and assurance assessments conducted according to relevant
standards at least annually?
",Yes
Audit & Assurance,Risk Based Planning Assessment,A&A-03,"Perform independent audit and assurance assessments according to
risk-based plans and policies.
",A&A-03.1,"Are independent audit and assurance assessments performed according to risk-based
plans and policies?
",Yes
Audit & Assurance,Requirements Compliance,A&A-04,"Verify compliance with all relevant standards, regulations, legal/contractual,
and statutory requirements applicable to the audit.
",A&A-04.1,"Is compliance verified regarding all relevant standards, regulations, legal/contractual,
and statutory requirements applicable to the audit?
",Yes
Audit & Assurance,Audit Management Process,A&A-05,"Define and implement an Audit Management process to support audit
planning, risk analysis, security control assessment, conclusion, remediation
schedules, report generation, and review of past reports and supporting evidence.
",A&A-05.1,"Is an audit management process defined and implemented to support audit planning,
risk analysis, security control assessments, conclusions, remediation schedules,
report generation, and reviews of past reports and supporting evidence?
",No
Audit & Assurance,Remediation,A&A-06,"Establish, document, approve, communicate, apply, evaluate and maintain
a risk-based corrective action plan to remediate audit findings, review and
report remediation status to relevant stakeholders.
",A&A-06.1,"Is a risk-based corrective action plan to remediate audit findings established,
documented, approved, communicated, applied, evaluated, and maintained?
",Yes
Audit & Assurance,,,,A&A-06.2,"Is the remediation status of audit findings reviewed and reported to relevant
stakeholders?
",Yes
Application & Interface Security,Application and Interface Security Policy and Procedures,AIS-01,"Establish, document, approve, communicate, apply, evaluate and maintain
policies and procedures for application security to provide guidance to the
appropriate planning, delivery and support of the organization's application
security capabilities. Review and update the policies and procedures at least
annually.
",AIS-01.1,"Are application security policies and procedures established, documented,
approved, communicated, applied, evaluated, and maintained to guide appropriate
planning, delivery, and support of the organization's application security capabilities?
",No
Application & Interface Security,,,,AIS-01.2,"Are application security policies and procedures reviewed and updated at least
annually?
",No
Application & Interface Security,Application Security Baseline Requirements,AIS-02,"Establish, document and maintain baseline requirements for securing
different applications.
",AIS-02.1,"Are baseline requirements to secure different applications established, documented,
and maintained?
",Yes
Application & Interface Security,Application Security Metrics,AIS-03,"Define and implement technical and operational metrics in alignment
with business objectives, security requirements, and compliance obligations.
",AIS-03.1,"Are technical and operational metrics defined and implemented according to
business objectives, security requirements, and compliance obligations?
",No
Application & Interface Security,Secure Application Design and Development,AIS-04,"Define and implement a SDLC process for application design, development,
deployment, and operation in accordance with security requirements defined by
the organization.
",AIS-04.1,"Is an SDLC process defined and implemented for application design, development,
deployment, and operation per organizationally designed security requirements?
",Yes
Application & Interface Security,Automated Application Security Testing,AIS-05,"Implement a testing strategy, including criteria for acceptance of
new information systems, upgrades and new versions, which provides application
security assurance and maintains compliance while enabling organizational speed
of delivery goals. Automate when applicable and possible.
",AIS-05.1,"Does the testing strategy outline criteria to accept new information systems,
upgrades, and new versions while ensuring application security, compliance adherence,
and organizational speed of delivery goals?
",No
Application & Interface Security,,,,AIS-05.2,"Is testing automated when applicable and possible?
",No
Application & Interface Security,Automated Secure Application Deployment,AIS-06,"Establish and implement strategies and capabilities for secure, standardized,
and compliant application deployment. Automate where possible.
",AIS-06.1,"Are strategies and capabilities established and implemented to deploy application
code in a secure, standardized, and compliant manner?
",Yes
Application & Interface Security,,,,AIS-06.2,"Is the deployment and integration of application code automated where possible?
",Yes
Application & Interface Security,Application Vulnerability Remediation,AIS-07,"Define and implement a process to remediate application security
vulnerabilities, automating remediation when possible.
",AIS-07.1,"Are application security vulnerabilities remediated following defined processes?
",Yes
Application & Interface Security,,,,AIS-07.2,"Is the remediation of application security vulnerabilities automated when
possible?
",Yes
Business Continuity Management and Operational Resilience,Business Continuity Management Policy and Procedures,BCR-01,"Establish, document, approve, communicate, apply, evaluate and maintain
business continuity management and operational resilience policies and procedures.
Review and update the policies and procedures at least annually.
",BCR-01.1,"Are business continuity management and operational resilience policies and
procedures established, documented, approved, communicated, applied, evaluated,
and maintained?
",Yes
Business Continuity Management and Operational Resilience,,,,BCR-01.2,"Are the policies and procedures reviewed and updated at least annually?
",Yes
Business Continuity Management and Operational Resilience,Risk Assessment and Impact Analysis,BCR-02,"Determine the impact of business disruptions and risks to establish
criteria for developing business continuity and operational resilience strategies
and capabilities.
",BCR-02.1,"Are criteria for developing business continuity and operational resiliency
strategies and capabilities established based on business disruption and risk
impacts?
",Yes
Business Continuity Management and Operational Resilience,Business Continuity Strategy,BCR-03,"Establish strategies to reduce the impact of, withstand, and recover
from business disruptions within risk appetite.
",BCR-03.1,"Are strategies developed to reduce the impact of, withstand, and recover from
business disruptions in accordance with risk appetite?
",Yes
Business Continuity Management and Operational Resilience,Business Continuity Planning,BCR-04,"Establish, document, approve, communicate, apply, evaluate and maintain
a business continuity plan based on the results of the operational resilience
strategies and capabilities.
",BCR-04.1,"Are operational resilience strategies and capability results incorporated
to establish, document, approve, communicate, apply, evaluate, and maintain a
business continuity plan?
",No
Business Continuity Management and Operational Resilience,Documentation,BCR-05,"Develop, identify, and acquire documentation that is relevant to
support the business continuity and operational resilience programs. Make the
documentation available to authorized stakeholders and review periodically.
",BCR-05.1,"Is relevant documentation developed, identified, and acquired to support business
continuity and operational resilience plans?
",No
Business Continuity Management and Operational Resilience,,,,BCR-05.2,"Is business continuity and operational resilience documentation available
to authorized stakeholders?
",No
Business Continuity Management and Operational Resilience,,,,BCR-05.3,"Is business continuity and operational resilience documentation reviewed periodically?
",No
Business Continuity Management and Operational Resilience,Business Continuity Exercises,BCR-06,"Exercise and test business continuity and operational resilience
plans at least annually or upon significant changes.
",BCR-06.1,"Are the business continuity and operational resilience plans exercised and
tested at least annually and when significant changes occur?
",No
Business Continuity Management and Operational Resilience,Communication,BCR-07,"Establish communication with stakeholders and participants in the
course of business continuity and resilience procedures.
",BCR-07.1,"Do business continuity and resilience procedures establish communication with
stakeholders and participants?
",No
Business Continuity Management and Operational Resilience,Backup,BCR-08,"Periodically backup data stored in the cloud. Ensure the confidentiality,
integrity and availability of the backup, and verify data restoration from backup
for resiliency.
",BCR-08.1,"Is cloud data periodically backed up?
",Yes
Business Continuity Management and Operational Resilience,,,,BCR-08.2,"Is the confidentiality, integrity, and availability of backup data ensured?
",Yes
Business Continuity Management and Operational Resilience,,,,BCR-08.3,"Can backups be restored appropriately for resiliency?
",Yes
Business Continuity Management and Operational Resilience,Disaster Response Plan,BCR-09,"Establish, document, approve, communicate, apply, evaluate and maintain
a disaster response plan to recover from natural and man-made disasters. Update
the plan at least annually or upon significant changes.
",BCR-09.1,"Is a disaster response plan established, documented, approved, applied, evaluated,
and maintained to ensure recovery from natural and man-made disasters?
",Yes
Business Continuity Management and Operational Resilience,,,,BCR-09.2,"Is the disaster response plan updated at least annually, and when significant
changes occur?
",Yes
Business Continuity Management and Operational Resilience,Response Plan Exercise,BCR-10,"Exercise the disaster response plan annually or upon significant
changes, including if possible local emergency authorities.
",BCR-10.1,"Is the disaster response plan exercised annually or when significant changes
occur?
",No
Business Continuity Management and Operational Resilience,,,,BCR-10.2,"Are local emergency authorities included, if possible, in the exercise?
",No
Business Continuity Management and Operational Resilience,Equipment Redundancy,BCR-11,"Supplement business-critical equipment with redundant equipment independently
located at a reasonable minimum distance in accordance with applicable industry
standards.
",BCR-11.1,"Is business-critical equipment supplemented with redundant equipment independently
located at a reasonable minimum distance in accordance with applicable industry
standards?
",No
Change Control and Configuration Management,Change Management Policy and Procedures,CCC-01,"Establish, document, approve, communicate, apply, evaluate and maintain
policies and procedures for managing the risks associated with applying changes
to organization assets, including application, systems, infrastructure, configuration,
etc., regardless of whether the assets are managed internally or externally
(i.e., outsourced). Review and update the policies and procedures at least annually.
",CCC-01.1,"Are risk management policies and procedures associated with changing organizational
assets including applications, systems, infrastructure, configuration, etc., established,
documented, approved, communicated, applied, evaluated and maintained (regardless
of whether asset management is internal or external)?
",Yes
Change Control and Configuration Management,,,,CCC-01.2,"Are the policies and procedures reviewed and updated at least annually?
",Yes
Change Control and Configuration Management,Quality Testing,CCC-02,"Follow a defined quality change control, approval and testing process
with established baselines, testing, and release standards.
",CCC-02.1,"Is a defined quality change control, approval and testing process (with established
baselines, testing, and release standards) followed?
",Yes
Change Control and Configuration Management,Change Management Technology,CCC-03,"Manage the risks associated with applying changes to organization
assets, including application, systems, infrastructure, configuration, etc.,
regardless of whether the assets are managed internally or externally (i.e.,
outsourced).
",CCC-03.1,"Are risks associated with changing organizational assets (including applications,
systems, infrastructure, configuration, etc.) managed, regardless of whether asset
management occurs internally or externally (i.e., outsourced)?
",No
Change Control and Configuration Management,Unauthorized Change Protection,CCC-04,"Restrict the unauthorized addition, removal, update, and management
of organization assets.
",CCC-04.1,"Is the unauthorized addition, removal, update, and management of organization
assets restricted?
",Yes
Change Control and Configuration Management,Change Agreements,CCC-05,"Include provisions limiting changes directly impacting CSCs owned
environments/tenants to explicitly authorized requests within service level
agreements between CSPs and CSCs.
",CCC-05.1,"Are provisions to limit changes that directly impact CSC-owned environments
and require tenants to authorize requests explicitly included within the service
level agreements (SLAs) between CSPs and CSCs?
",Yes
Change Control and Configuration Management,Change Management Baseline,CCC-06,"Establish change management baselines for all relevant authorized
changes on organization assets.
",CCC-06.1,"Are change management baselines established for all relevant authorized changes
on organizational assets?
",Yes
Change Control and Configuration Management,Detection of Baseline Deviation,CCC-07,"Implement detection measures with proactive notification in case
of changes deviating from the established baseline.
",CCC-07.1,"Are detection measures implemented with proactive notification if changes
deviate from established baselines?
",Yes
Change Control and Configuration Management,Exception Management,CCC-08,"'Implement a procedure for the management of exceptions, including
emergencies, in the change and configuration process. Align the procedure with
the requirements of GRC-04: Policy Exception Process.'
",CCC-08.1,"Is a procedure implemented to manage exceptions, including emergencies, in
the change and configuration process?
",No
Change Control and Configuration Management,,,,CCC-08.2,"'Is the procedure aligned with the requirements of the GRC-04: Policy Exception
Process?'
",No
Change Control and Configuration Management,Change Restoration,CCC-09,"Define and implement a process to proactively roll back changes to
a previous known good state in case of errors or security concerns.
",CCC-09.1,"Is a process to proactively roll back changes to a previously known ""good
state"" defined and implemented in case of errors or security concerns?
",Yes
"Cryptography, Encryption & Key Management",Encryption and Key Management Policy and Procedures,CEK-01,"Establish, document, approve, communicate, apply, evaluate and maintain
policies and procedures for Cryptography, Encryption and Key Management. Review
and update the policies and procedures at least annually.
",CEK-01.1,"Are cryptography, encryption, and key management policies and procedures established,
documented, approved, communicated, applied, evaluated, and maintained?
",Yes
"Cryptography, Encryption & Key Management",,,,CEK-01.2,"Are cryptography, encryption, and key management policies and procedures reviewed
and updated at least annually?
",Yes
"Cryptography, Encryption & Key Management",CEK Roles and Responsibilities,CEK-02,"Define and implement cryptographic, encryption and key management
roles and responsibilities.
",CEK-02.1,"Are cryptography, encryption, and key management roles and responsibilities
defined and implemented?
",Yes
"Cryptography, Encryption & Key Management",Data Encryption,CEK-03,"Provide cryptographic protection to data at-rest and in-transit,
using cryptographic libraries certified to approved standards.
",CEK-03.1,"Are data at-rest and in-transit cryptographically protected using cryptographic
libraries certified to approved standards?
",Yes
"Cryptography, Encryption & Key Management",Encryption Algorithm,CEK-04,"Use encryption algorithms that are appropriate for data protection,
considering the classification of data, associated risks, and usability of the
encryption technology.
",CEK-04.1,"Are appropriate data protection encryption algorithms used that consider data
classification, associated risks, and encryption technology usability?
",Yes
"Cryptography, Encryption & Key Management",Encryption Change Management,CEK-05,"Establish a standard change management procedure, to accommodate
changes from internal and external sources, for review, approval, implementation
and communication of cryptographic, encryption and key management technology
changes.
",CEK-05.1,"Are standard change management procedures established to review, approve,
implement and communicate cryptography, encryption, and key management technology
changes that accommodate internal and external sources?
",Yes
"Cryptography, Encryption & Key Management",Encryption Change Cost Benefit Analysis,CEK-06,"Manage and adopt changes to cryptography-, encryption-, and key management-related
systems (including policies and procedures) that fully account for downstream
effects of proposed changes, including residual risk, cost, and benefits analysis.
",CEK-06.1,"Are changes to cryptography-, encryption- and key management-related systems,
policies, and procedures, managed and adopted in a manner that fully accounts
for downstream effects of proposed changes, including residual risk, cost, and
benefits analysis?
",No
"Cryptography, Encryption & Key Management",Encryption Risk Management,CEK-07,"Establish and maintain an encryption and key management risk program
that includes provisions for risk assessment, risk treatment, risk context,
monitoring, and feedback.
",CEK-07.1,"Is a cryptography, encryption, and key management risk program established
and maintained that includes risk assessment, risk treatment, risk context, monitoring,
and feedback provisions?
",No
"Cryptography, Encryption & Key Management",CSC Key Management Capability,CEK-08,"CSPs must provide the capability for CSCs to manage their own data
encryption keys.
",CEK-08.1,"Are CSPs providing CSCs with the capacity to manage their own data encryption
keys?
",No
"Cryptography, Encryption & Key Management",Encryption and Key Management Audit,CEK-09,"Audit encryption and key management systems, policies, and processes
with a frequency that is proportional to the risk exposure of the system with
audit occurring preferably continuously but at least annually and after any
security event(s).
",CEK-09.1,"Are encryption and key management systems, policies, and processes audited
with a frequency proportional to the system's risk exposure, and after any security
event?
",No
"Cryptography, Encryption & Key Management",,,,CEK-09.2,"Are encryption and key management systems, policies, and processes audited
(preferably continuously but at least annually)?
",No
"Cryptography, Encryption & Key Management",Key Generation,CEK-10,"Generate Cryptographic keys using industry accepted cryptographic
libraries specifying the algorithm strength and the random number generator
used.
",CEK-10.1,"Are cryptographic keys generated using industry-accepted and approved cryptographic
libraries that specify algorithm strength and random number generator specifications?
",Yes
"Cryptography, Encryption & Key Management",Key Purpose,CEK-11,"Manage cryptographic secret and private keys that are provisioned
for a unique purpose.
",CEK-11.1,"Are private keys provisioned for a unique purpose managed, and is cryptography
secret?
",No
"Cryptography, Encryption & Key Management",Key Rotation,CEK-12,"Rotate cryptographic keys in accordance with the calculated cryptoperiod,
which includes provisions for considering the risk of information disclosure
and legal and regulatory requirements.
",CEK-12.1,"Are cryptographic keys rotated based on a cryptoperiod calculated while considering
information disclosure risks and legal and regulatory requirements?
",Yes
"Cryptography, Encryption & Key Management",Key Revocation,CEK-13,"Define, implement and evaluate processes, procedures and technical
measures to revoke and remove cryptographic keys prior to the end of its established
cryptoperiod, when a key is compromised, or an entity is no longer part of the
organization, which include provisions for legal and regulatory requirements.
",CEK-13.1,"Are cryptographic keys revoked and removed before the end of the established
cryptoperiod (when a key is compromised, or an entity is no longer part of the
organization) per defined, implemented, and evaluated processes, procedures, and
technical measures to include legal and regulatory requirement provisions?
",Yes
"Cryptography, Encryption & Key Management",Key Destruction,CEK-14,"Define, implement and evaluate processes, procedures and technical
measures to destroy keys stored outside a secure environment and revoke keys
stored in Hardware Security Modules (HSMs) when they are no longer needed, which
include provisions for legal and regulatory requirements.
",CEK-14.1,"Are processes, procedures and technical measures to destroy unneeded keys
defined, implemented and evaluated to address key destruction outside secure environments,
revocation of keys stored in hardware security modules (HSMs), and include applicable
legal and regulatory requirement provisions?
",Yes
"Cryptography, Encryption & Key Management",Key Activation,CEK-15,"Define, implement and evaluate processes, procedures and technical
measures to create keys in a pre-activated state when they have been generated
but not authorized for use, which include provisions for legal and regulatory
requirements.
",CEK-15.1,"Are processes, procedures, and technical measures to create keys in a pre-activated
state (i.e., when they have been generated but not authorized for use) being defined,
implemented, and evaluated to include legal and regulatory requirement provisions?
",No
"Cryptography, Encryption & Key Management",Key Suspension,CEK-16,"Define, implement and evaluate processes, procedures and technical
measures to monitor, review and approve key transitions from any state to/from
suspension, which include provisions for legal and regulatory requirements.
",CEK-16.1,"Are processes, procedures, and technical measures to monitor, review and approve
key transitions (e.g., from any state to/from suspension) being defined, implemented,
and evaluated to include legal and regulatory requirement provisions?
",No
"Cryptography, Encryption & Key Management",Key Deactivation,CEK-17,"Define, implement and evaluate processes, procedures and technical
measures to deactivate keys at the time of their expiration date, which include
provisions for legal and regulatory requirements.
",CEK-17.1,"Are processes, procedures, and technical measures to deactivate keys (at the
time of their expiration date) being defined, implemented, and evaluated to include
legal and regulatory requirement provisions?
",No
"Cryptography, Encryption & Key Management",Key Archival,CEK-18,"Define, implement and evaluate processes, procedures and technical
measures to manage archived keys in a secure repository requiring least privilege
access, which include provisions for legal and regulatory requirements.
",CEK-18.1,"Are processes, procedures, and technical measures to manage archived keys
in a secure repository (requiring least privilege access) being defined, implemented,
and evaluated to include legal and regulatory requirement provisions?
",No
"Cryptography, Encryption & Key Management",Key Compromise,CEK-19,"Define, implement and evaluate processes, procedures and technical
measures to use compromised keys to encrypt information only in controlled circumstance,
and thereafter exclusively for decrypting data and never for encrypting data,
which include provisions for legal and regulatory requirements.
",CEK-19.1,"Are processes, procedures, and technical measures to use compromised keys to
encrypt information in specific scenarios (e.g., only in controlled circumstances
and thereafter only for data decryption and never for encryption) defined,
implemented, and evaluated to include legal and regulatory requirement provisions?
",No
"Cryptography, Encryption & Key Management",Key Recovery,CEK-20,"Define, implement and evaluate processes, procedures and technical
measures to assess the risk to operational continuity versus the risk of the
keying material and the information it protects being exposed if control of
the keying material is lost, which include provisions for legal and regulatory
requirements.
",CEK-20.1,"Are processes, procedures, and technical measures to assess operational continuity
risks (versus the risk of losing control of keying material and exposing protected
data) being defined, implemented, and evaluated to include legal and regulatory
requirement provisions?
",No
"Cryptography, Encryption & Key Management",Key Inventory Management,CEK-21,"Define, implement and evaluate processes, procedures and technical
measures in order for the key management system to track and report all cryptographic
materials and changes in status, which include provisions for legal and regulatory
requirements.
",CEK-21.1,"Are key management system processes, procedures, and technical measures being
defined, implemented, and evaluated to track and report all cryptographic materials
and status changes that include legal and regulatory requirements provisions?
",No
Datacenter Security,Off-Site Equipment Disposal Policy and Procedures,DCS-01,"Establish, document, approve, communicate, apply, evaluate and maintain
policies and procedures for the secure disposal of equipment used outside the
organization's premises. If the equipment is not physically destroyed a data
destruction procedure that renders recovery of information impossible must be
applied. Review and update the policies and procedures at least annually.
",DCS-01.1,"Are policies and procedures for the secure disposal of equipment used outside
the organization's premises established, documented, approved, communicated, enforced,
and maintained?
",No
Datacenter Security,,,,DCS-01.2,"Is a data destruction procedure applied that renders information recovery
information impossible if equipment is not physically destroyed?
",No
Datacenter Security,,,,DCS-01.3,"Are policies and procedures for the secure disposal of equipment used outside
the organization's premises reviewed and updated at least annually?
",No
Datacenter Security,Off-Site Transfer Authorization Policy and Procedures,DCS-02,"Establish, document, approve, communicate, apply, evaluate and maintain
policies and procedures for the relocation or transfer of hardware, software,
or data/information to an offsite or alternate location. The relocation or transfer
request requires the written or cryptographically verifiable authorization.
Review and update the policies and procedures at least annually.
",DCS-02.1,"Are policies and procedures for the relocation or transfer of hardware, software,
or data/information to an offsite or alternate location established, documented,
approved, communicated, implemented, enforced, maintained?
",No
Datacenter Security,,,,DCS-02.2,"Does a relocation or transfer request require written or cryptographically
verifiable authorization?
",No
Datacenter Security,,,,DCS-02.3,"Are policies and procedures for the relocation or transfer of hardware, software,
or data/information to an offsite or alternate location reviewed and updated at
least annually?
",No
Datacenter Security,Secure Area Policy and Procedures,DCS-03,"Establish, document, approve, communicate, apply, evaluate and maintain
policies and procedures for maintaining a safe and secure working environment
in offices, rooms, and facilities. Review and update the policies and procedures
at least annually.
",DCS-03.1,"Are policies and procedures for maintaining a safe and secure working environment
(in offices, rooms, and facilities) established, documented, approved, communicated,
enforced, and maintained?
",Yes
Datacenter Security,,,,DCS-03.2,"Are policies and procedures for maintaining safe, secure working environments
(e.g., offices, rooms) reviewed and updated at least annually?
",Yes
Datacenter Security,Secure Media Transportation Policy and Procedures,DCS-04,"Establish, document, approve, communicate, apply, evaluate and maintain
policies and procedures for the secure transportation of physical media. Review
and update the policies and procedures at least annually.
",DCS-04.1,"Are policies and procedures for the secure transportation of physical media
established, documented, approved, communicated, enforced, evaluated, and maintained?
",No
Datacenter Security,,,,DCS-04.2,"Are policies and procedures for the secure transportation of physical media
reviewed and updated at least annually?
",No
Datacenter Security,Assets Classification,DCS-05,"Classify and document the physical, and logical assets (e.g., applications)
based on the organizational business risk.
",DCS-05.1,"Is the classification and documentation of physical and logical assets based
on the organizational business risk?
",Yes
Datacenter Security,Assets Cataloguing and Tracking,DCS-06,"Catalogue and track all relevant physical and logical assets located
at all of the CSP's sites within a secured system.
",DCS-06.1,"Are all relevant physical and logical assets at all CSP sites cataloged and
tracked within a secured system?
",Yes
Datacenter Security,Controlled Access Points,DCS-07,"Implement physical security perimeters to safeguard personnel, data,
and information systems. Establish physical security perimeters between the
administrative and business areas and the data storage and processing facilities
areas.
",DCS-07.1,"Are physical security perimeters implemented to safeguard personnel, data,
and information systems?
",No
Datacenter Security,,,,DCS-07.2,"Are physical security perimeters established between administrative and business
areas, data storage, and processing facilities?
",No
Datacenter Security,Equipment Identification,DCS-08,"Use equipment identification as a method for connection authentication.
",DCS-08.1,"Is equipment identification used as a method for connection authentication?
",No
Datacenter Security,Secure Area Authorization,DCS-09,"Allow only authorized personnel access to secure areas, with all
ingress and egress points restricted, documented, and monitored by physical
access control mechanisms. Retain access control records on a periodic basis
as deemed appropriate by the organization.
",DCS-09.1,"Are solely authorized personnel able to access secure areas, with all ingress
and egress areas restricted, documented, and monitored by physical access control
mechanisms?
",No
Datacenter Security,,,,DCS-09.2,"Are access control records retained periodically, as deemed appropriate by
the organization?
",No
Datacenter Security,Surveillance System,DCS-10,"Implement, maintain, and operate datacenter surveillance systems
at the external perimeter and at all the ingress and egress points to detect
unauthorized ingress and egress attempts.
",DCS-10.1,"Are external perimeter datacenter surveillance systems and surveillance systems
at all ingress and egress points implemented, maintained, and operated?
",No
Datacenter Security,Unauthorized Access Response Training,DCS-11,"Train datacenter personnel to respond to unauthorized ingress or
egress attempts.
",DCS-11.1,"Are datacenter personnel trained to respond to unauthorized access or egress
attempts?
",No
Datacenter Security,Cabling Security,DCS-12,"Define, implement and evaluate processes, procedures and technical
measures that ensure a risk-based protection of power and telecommunication
cables from a threat of interception, interference or damage at all facilities,
offices and rooms.
",DCS-12.1,"Are processes, procedures, and technical measures defined, implemented, and
evaluated to ensure risk-based protection of power and telecommunication cables
from interception, interference, or damage threats at all facilities, offices,
and rooms?
",No
Datacenter Security,Environmental Systems,DCS-13,"Implement and maintain data center environmental control systems
that monitor, maintain and test for continual effectiveness the temperature
and humidity conditions within accepted industry standards.
",DCS-13.1,"Are data center environmental control systems designed to monitor, maintain,
and test that on-site temperature and humidity conditions fall within accepted
industry standards effectively implemented and maintained?
",No
Datacenter Security,Secure Utilities,DCS-14,"Secure, monitor, maintain, and test utilities services for continual
effectiveness at planned intervals.
",DCS-14.1,"Are utility services secured, monitored, maintained, and tested at planned
intervals for continual effectiveness?
",No
Datacenter Security,Equipment Location,DCS-15,"Keep business-critical equipment away from locations subject to high
probability for environmental risk events.
",DCS-15.1,"Is business-critical equipment segregated from locations subject to a high
probability of environmental risk events?
",No
Data Security and Privacy Lifecycle Management,Security and Privacy Policy and Procedures,DSP-01,"Establish, document, approve, communicate, apply, evaluate and maintain
policies and procedures for the classification, protection and handling of data
throughout its lifecycle, and according to all applicable laws and regulations,
standards, and risk level. Review and update the policies and procedures at
least annually.
",DSP-01.1,"Are policies and procedures established, documented, approved, communicated,
enforced, evaluated, and maintained for the classification, protection, and handling
of data throughout its lifecycle according to all applicable laws and regulations,
standards, and risk level?
",Yes
Data Security and Privacy Lifecycle Management,,,,DSP-01.2,"Are data security and privacy policies and procedures reviewed and updated
at least annually?
",Yes
Data Security and Privacy Lifecycle Management,Secure Disposal,DSP-02,"Apply industry accepted methods for the secure disposal of data from
storage media such that data is not recoverable by any forensic means.
",DSP-02.1,"Are industry-accepted methods applied for secure data disposal from storage
media so information is not recoverable by any forensic means?
",No
Data Security and Privacy Lifecycle Management,Data Inventory,DSP-03,"Create and maintain a data inventory, at least for any sensitive
data and personal data.
",DSP-03.1,"Is a data inventory created and maintained for sensitive and personal information
(at a minimum)?
",Yes
Data Security and Privacy Lifecycle Management,Data Classification,DSP-04,"Classify data according to its type and sensitivity level.
",DSP-04.1,"Is data classified according to type and sensitivity levels?
",Yes
Data Security and Privacy Lifecycle Management,Data Flow Documentation,DSP-05,"Create data flow documentation to identify what data is processed,
stored or transmitted where. Review data flow documentation at defined intervals,
at least annually, and after any change.
",DSP-05.1,"Is data flow documentation created to identify what data is processed and
where it is stored and transmitted?
",Yes
Data Security and Privacy Lifecycle Management,,,,DSP-05.2,"Is data flow documentation reviewed at defined intervals, at least annually,
and after any change?
",Yes
Data Security and Privacy Lifecycle Management,Data Ownership and Stewardship,DSP-06,"Document ownership and stewardship of all relevant documented personal
and sensitive data. Perform review at least annually.
",DSP-06.1,"Is the ownership and stewardship of all relevant personal and sensitive data
documented?
",Yes
Data Security and Privacy Lifecycle Management,,,,DSP-06.2,"Is data ownership and stewardship documentation reviewed at least annually?
",Yes
Data Security and Privacy Lifecycle Management,Data Protection by Design and Default,DSP-07,"Develop systems, products, and business practices based upon a principle
of security by design and industry best practices.
",DSP-07.1,"Are systems, products, and business practices based on security principles
by design and per industry best practices?
",Yes
Data Security and Privacy Lifecycle Management,Data Privacy by Design and Default,DSP-08,"Develop systems, products, and business practices based upon a principle
of privacy by design and industry best practices. Ensure that systems' privacy
settings are configured by default, according to all applicable laws and regulations.
",DSP-08.1,"Are systems, products, and business practices based on privacy principles
by design and according to industry best practices?
",Yes
Data Security and Privacy Lifecycle Management,,,,DSP-08.2,"Are systems' privacy settings configured by default and according to all applicable
laws and regulations?
",Yes
Data Security and Privacy Lifecycle Management,Data Protection Impact Assessment,DSP-09,"Conduct a Data Protection Impact Assessment (DPIA) to evaluate the
origin, nature, particularity and severity of the risks upon the processing
of personal data, according to any applicable laws, regulations and industry
best practices.
",DSP-09.1,"Is a data protection impact assessment (DPIA) conducted when processing personal
data and evaluating the origin, nature, particularity, and severity of risks according
to any applicable laws, regulations and industry best practices?
",No
Data Security and Privacy Lifecycle Management,Sensitive Data Transfer,DSP-10,"Define, implement and evaluate processes, procedures and technical
measures that ensure any transfer of personal or sensitive data is protected
from unauthorized access and only processed within scope as permitted by the
respective laws and regulations.
",DSP-10.1,"Are processes, procedures, and technical measures defined, implemented, and
evaluated to ensure any transfer of personal or sensitive data is protected from
unauthorized access and only processed within scope (as permitted by respective
laws and regulations)?
",Yes
Data Security and Privacy Lifecycle Management,"Personal Data Access, Reversal, Rectification and Deletion",DSP-11,"Define and implement, processes, procedures and technical measures
to enable data subjects to request access to, modification, or deletion of their
personal data, according to any applicable laws and regulations.
",DSP-11.1,"Are processes, procedures, and technical measures defined, implemented, and
evaluated to enable data subjects to request access to, modify, or delete personal
data (per applicable laws and regulations)?
",Yes
Data Security and Privacy Lifecycle Management,Limitation of Purpose in Personal Data Processing,DSP-12,"Define, implement and evaluate processes, procedures and technical
measures to ensure that personal data is processed according to any applicable
laws and regulations and for the purposes declared to the data subject.
",DSP-12.1,"Are processes, procedures, and technical measures defined, implemented, and
evaluated to ensure personal data is processed (per applicable laws and regulations
and for the purposes declared to the data subject)?
",Yes
Data Security and Privacy Lifecycle Management,Personal Data Sub-processing,DSP-13,"Define, implement and evaluate processes, procedures and technical
measures for the transfer and sub-processing of personal data within the service
supply chain, according to any applicable laws and regulations.
",DSP-13.1,"Are processes, procedures, and technical measures defined, implemented, and
evaluated for the transfer and sub-processing of personal data within the service
supply chain (according to any applicable laws and regulations)?
",Yes
Data Security and Privacy Lifecycle Management,Disclosure of Data Sub-processors,DSP-14,"Define, implement and evaluate processes, procedures and technical
measures to disclose the details of any personal or sensitive data access by
sub-processors to the data owner prior to initiation of that processing.
",DSP-14.1,"Are processes, procedures, and technical measures defined, implemented, and
evaluated to disclose details to the data owner of any personal or sensitive data
access by sub-processors before processing initiation?
",Yes
Data Security and Privacy Lifecycle Management,Limitation of Production Data Use,DSP-15,"Obtain authorization from data owners, and manage associated risk
before replicating or using production data in non-production environments.
",DSP-15.1,"Is authorization from data owners obtained, and the associated risk managed,
before replicating or using production data in non-production environments?
",No
Data Security and Privacy Lifecycle Management,Data Retention and Deletion,DSP-16,"Data retention, archiving and deletion is managed in accordance with
business requirements, applicable laws and regulations.
",DSP-16.1,"Do data retention, archiving, and deletion practices follow business requirements,
applicable laws, and regulations?
",Yes
Data Security and Privacy Lifecycle Management,Sensitive Data Protection,DSP-17,"Define and implement, processes, procedures and technical measures
to protect sensitive data throughout it's lifecycle.
",DSP-17.1,"Are processes, procedures, and technical measures defined and implemented
to protect sensitive data throughout its lifecycle?
",Yes
Data Security and Privacy Lifecycle Management,Disclosure Notification,DSP-18,"The CSP must have in place, and describe to CSCs the procedure to
manage and respond to requests for disclosure of Personal Data by Law Enforcement
Authorities according to applicable laws and regulations. The CSP must give
special attention to the notification procedure to interested CSCs, unless otherwise
prohibited, such as a prohibition under criminal law to preserve confidentiality
of a law enforcement investigation.
",DSP-18.1,"Does the CSP have in place, and describe to CSCs, the procedure to manage
and respond to requests for disclosure of Personal Data by Law Enforcement Authorities
according to applicable laws and regulations?
",No
Data Security and Privacy Lifecycle Management,,,,DSP-18.2,"Does the CSP give special attention to the notification procedure to interested
CSCs, unless otherwise prohibited, such as a prohibition under criminal law to
preserve confidentiality of a law enforcement investigation?
",No
Data Security and Privacy Lifecycle Management,Data Location,DSP-19,"Define and implement, processes, procedures and technical measures
to specify and document the physical locations of data, including any locations
in which data is processed or backed up.
",DSP-19.1,"Are processes, procedures, and technical measures defined and implemented
to specify and document physical data locations, including locales where data
is processed or backed up?
",Yes
"Governance, Risk and Compliance",Governance Program Policy and Procedures,GRC-01,"Establish, document, approve, communicate, apply, evaluate and maintain
policies and procedures for an information governance program, which is sponsored
by the leadership of the organization. Review and update the policies and procedures
at least annually.
",GRC-01.1,"Are information governance program policies and procedures sponsored by organizational
leadership established, documented, approved, communicated, applied, evaluated,
and maintained?
",Yes
"Governance, Risk and Compliance",,,,GRC-01.2,"Are the policies and procedures reviewed and updated at least annually?
",Yes
"Governance, Risk and Compliance",Risk Management Program,GRC-02,"Establish a formal, documented, and leadership-sponsored Enterprise
Risk Management (ERM) program that includes policies and procedures for identification,
evaluation, ownership, treatment, and acceptance of cloud security and privacy
risks.
",GRC-02.1,"Is there an established formal, documented, and leadership-sponsored enterprise
risk management (ERM) program that includes policies and procedures for identification,
evaluation, ownership, treatment, and acceptance of cloud security and privacy
risks?
",Yes
"Governance, Risk and Compliance",Organizational Policy Reviews,GRC-03,"Review all relevant organizational policies and associated procedures
at least annually or when a substantial change occurs within the organization.
",GRC-03.1,"Are all relevant organizational policies and associated procedures reviewed
at least annually, or when a substantial organizational change occurs?
",No
"Governance, Risk and Compliance",Policy Exception Process,GRC-04,"Establish and follow an approved exception process as mandated by
the governance program whenever a deviation from an established policy occurs.
",GRC-04.1,"Is an approved exception process mandated by the governance program established
and followed whenever a deviation from an established policy occurs?
",No
"Governance, Risk and Compliance",Information Security Program,GRC-05,"Develop and implement an Information Security Program, which includes
programs for all the relevant domains of the CCM.
",GRC-05.1,"Has an information security program (including programs of all relevant CCM
domains) been developed and implemented?
",No
"Governance, Risk and Compliance",Governance Responsibility Model,GRC-06,"Define and document roles and responsibilities for planning, implementing,
operating, assessing, and improving governance programs.
",GRC-06.1,"Are roles and responsibilities for planning, implementing, operating, assessing,
and improving governance programs defined and documented?
",Yes
"Governance, Risk and Compliance",Information System Regulatory Mapping,GRC-07,"Identify and document all relevant standards, regulations, legal/contractual,
and statutory requirements, which are applicable to your organization.
",GRC-07.1,"Are all relevant standards, regulations, legal/contractual, and statutory
requirements applicable to your organization identified and documented?
",Yes
"Governance, Risk and Compliance",Special Interest Groups,GRC-08,"Establish and maintain contact with cloud-related special interest
groups and other relevant entities in line with business context.
",GRC-08.1,"Is contact established and maintained with cloud-related special interest
groups and other relevant entities?
",No
Human Resources,Background Screening Policy and Procedures,HRS-01,"Establish, document, approve, communicate, apply, evaluate and maintain
policies and procedures for background verification of all new employees (including
but not limited to remote employees, contractors, and third parties) according
to local laws, regulations, ethics, and contractual constraints and proportional
to the data classification to be accessed, the business requirements, and acceptable
risk. Review and update the policies and procedures at least annually.
",HRS-01.1,"Are background verification policies and procedures of all new employees (including
but not limited to remote employees, contractors, and third parties) established,
documented, approved, communicated, applied, evaluated, and maintained?
",No
Human Resources,,,,HRS-01.2,"Are background verification policies and procedures designed according to
local laws, regulations, ethics, and contractual constraints and proportional
to the data classification to be accessed, business requirements, and acceptable
risk?
",No
Human Resources,,,,HRS-01.3,"Are background verification policies and procedures reviewed and updated at
least annually?
",No
Human Resources,Acceptable Use of Technology Policy and Procedures,HRS-02,"Establish, document, approve, communicate, apply, evaluate and maintain
policies and procedures for defining allowances and conditions for the acceptable
use of organizationally-owned or managed assets. Review and update the policies
and procedures at least annually.
",HRS-02.1,"Are policies and procedures for defining allowances and conditions for the
acceptable use of organizationally-owned or managed assets established, documented,
approved, communicated, applied, evaluated, and maintained?
",No
Human Resources,,,,HRS-02.2,"Are the policies and procedures for defining allowances and conditions for
the acceptable use of organizationally-owned or managed assets reviewed and updated
at least annually?
",No
Human Resources,Clean Desk Policy and Procedures,HRS-03,"Establish, document, approve, communicate, apply, evaluate and maintain
policies and procedures that require unattended workspaces to not have openly
visible confidential data. Review and update the policies and procedures at
least annually.
",HRS-03.1,"Are policies and procedures requiring unattended workspaces to conceal confidential
data established, documented, approved, communicated, applied, evaluated, and
maintained?
",Yes
Human Resources,,,,HRS-03.2,"Are policies and procedures requiring unattended workspaces to conceal confidential
data reviewed and updated at least annually?
",Yes
Human Resources,Remote and Home Working Policy and Procedures,HRS-04,"Establish, document, approve, communicate, apply, evaluate and maintain
policies and procedures to protect information accessed, processed or stored
at remote sites and locations. Review and update the policies and procedures
at least annually.
",HRS-04.1,"Are policies and procedures to protect information accessed, processed, or
stored at remote sites and locations established, documented, approved, communicated,
applied, evaluated, and maintained?
",Yes
Human Resources,,,,HRS-04.2,"Are policies and procedures to protect information accessed, processed, or
stored at remote sites and locations reviewed and updated at least annually?
",Yes
Human Resources,Asset returns,HRS-05,"Establish and document procedures for the return of organization-owned
assets by terminated employees.
",HRS-05.1,"Are return procedures of organizationally-owned assets by terminated employees
established and documented?
",No
Human Resources,Employment Termination,HRS-06,"Establish, document, and communicate to all personnel the procedures
outlining the roles and responsibilities concerning changes in employment.
",HRS-06.1,"Are procedures outlining the roles and responsibilities concerning changes
in employment established, documented, and communicated to all personnel?
",No
Human Resources,Employment Agreement Process,HRS-07,"Employees sign the employee agreement prior to being granted access
to organizational information systems, resources and assets.
",HRS-07.1,"Are employees required to sign an employment agreement before gaining access
to organizational information systems, resources, and assets?
",No
Human Resources,Employment Agreement Content,HRS-08,"The organization includes within the employment agreements provisions
and/or terms for adherence to established information governance and security
policies.
",HRS-08.1,"Are provisions and/or terms for adherence to established information governance
and security policies included within employment agreements?
",No
Human Resources,Personnel Roles and Responsibilities,HRS-09,"Document and communicate roles and responsibilities of employees,
as they relate to information assets and security.
",HRS-09.1,"Are employee roles and responsibilities relating to information assets and
security documented and communicated?
",No
Human Resources,Non-Disclosure Agreements,HRS-10,"Identify, document, and review, at planned intervals, requirements
for non-disclosure/confidentiality agreements reflecting the organization's
needs for the protection of data and operational details.
",HRS-10.1,"Are requirements for non-disclosure/confidentiality agreements reflecting
organizational data protection needs and operational details identified, documented,
and reviewed at planned intervals?
",No
Human Resources,Security Awareness Training,HRS-11,"Establish, document, approve, communicate, apply, evaluate and maintain
a security awareness training program for all employees of the organization
and provide regular training updates.
",HRS-11.1,"Is a security awareness training program for all employees of the organization
established, documented, approved, communicated, applied, evaluated and maintained?
",Yes
Human Resources,,,,HRS-11.2,"Are regular security awareness training updates provided?
",Yes
Human Resources,Personal and Sensitive Data Awareness and Training,HRS-12,"Provide all employees with access to sensitive organizational and
personal data with appropriate security awareness training and regular updates
in organizational procedures, processes, and policies relating to their professional
function relative to the organization.
",HRS-12.1,"Are all employees granted access to sensitive organizational and personal
data provided with appropriate security awareness training?
",No
Human Resources,,,,HRS-12.2,"Are all employees granted access to sensitive organizational and personal
data provided with regular updates in procedures, processes, and policies relating
to their professional function?
",No
Human Resources,Compliance User Responsibility,HRS-13,"Make employees aware of their roles and responsibilities for maintaining
awareness and compliance with established policies and procedures and applicable
legal, statutory, or regulatory compliance obligations.
",HRS-13.1,"Are employees notified of their roles and responsibilities to maintain awareness
and compliance with established policies, procedures, and applicable legal, statutory,
or regulatory compliance obligations?
",No
Identity & Access Management,Identity and Access Management Policy and Procedures,IAM-01,"Establish, document, approve, communicate, implement, apply, evaluate
and maintain policies and procedures for identity and access management. Review
and update the policies and procedures at least annually.
",IAM-01.1,"Are identity and access management policies and procedures established, documented,
approved, communicated, implemented, applied, evaluated, and maintained?
",Yes
Identity & Access Management,,,,IAM-01.2,"Are identity and access management policies and procedures reviewed and updated
at least annually?
",Yes
Identity & Access Management,Strong Password Policy and Procedures,IAM-02,"Establish, document, approve, communicate, implement, apply, evaluate
and maintain strong password policies and procedures. Review and update the
policies and procedures at least annually.
",IAM-02.1,"Are strong password policies and procedures established, documented, approved,
communicated, implemented, applied, evaluated, and maintained?
",No
Identity & Access Management,,,,IAM-02.2,"Are strong password policies and procedures reviewed and updated at least
annually?
",No
Identity & Access Management,Identity Inventory,IAM-03,"Manage, store, and review the information of system identities, and
level of access.
",IAM-03.1,"Is system identity information and levels of access managed, stored, and reviewed?
",Yes
Identity & Access Management,Separation of Duties,IAM-04,"Employ the separation of duties principle when implementing information
system access.
",IAM-04.1,"Is the separation of duties principle employed when implementing information
system access?
",Yes
Identity & Access Management,Least Privilege,IAM-05,"Employ the least privilege principle when implementing information
system access.
",IAM-05.1,"Is the least privilege principle employed when implementing information system
access?
",Yes
Identity & Access Management,User Access Provisioning,IAM-06,"Define and implement a user access provisioning process which authorizes,
records, and communicates access changes to data and assets.
",IAM-06.1,"Is a user access provisioning process defined and implemented which authorizes,
records, and communicates data and assets access changes?
",Yes
Identity & Access Management,User Access Changes and Revocation,IAM-07,"De-provision or respectively modify access of movers / leavers or
system identity changes in a timely manner in order to effectively adopt and
communicate identity and access management policies.
",IAM-07.1,"Is a process in place to de-provision or modify the access, in a timely manner,
of movers / leavers or system identity changes, to effectively adopt and communicate
identity and access management policies?
",Yes
Identity & Access Management,User Access Review,IAM-08,"Review and revalidate user access for least privilege and separation
of duties with a frequency that is commensurate with organizational risk tolerance.
",IAM-08.1,"Are reviews and revalidation of user access for least privilege and separation
of duties completed with a frequency commensurate with organizational risk tolerance?
",Yes
Identity & Access Management,Segregation of Privileged Access Roles,IAM-09,"Define, implement and evaluate processes, procedures and technical
measures for the segregation of privileged access roles such that administrative
access to data, encryption and key management capabilities and logging capabilities
are distinct and separated.
",IAM-09.1,"Are processes, procedures, and technical measures for the segregation of privileged
access roles defined, implemented, and evaluated such that administrative data
access, encryption, key management capabilities, and logging capabilities are
distinct and separate?
",Yes
Identity & Access Management,Management of Privileged Access Roles,IAM-10,"Define and implement an access process to ensure privileged access
roles and rights are granted for a time limited period, and implement procedures
to prevent the culmination of segregated privileged access.
",IAM-10.1,"Is an access process defined and implemented to ensure privileged access roles
and rights are granted for a limited period?
",Yes
Identity & Access Management,,,,IAM-10.2,"Are procedures implemented to prevent the culmination of segregated privileged
access?
",Yes
Identity & Access Management,CSCs Approval for Agreed Privileged Access Roles,IAM-11,"Define, implement and evaluate processes and procedures for customers
to participate, where applicable, in the granting of access for agreed, high
risk (as defined by the organizational risk assessment) privileged access roles.
",IAM-11.1,"Are processes and procedures for customers to participate, where applicable,
in granting access for agreed, high risk as (defined by the organizational risk
assessment) privileged access roles defined, implemented and evaluated?
",No
Identity & Access Management,Safeguard Logs Integrity,IAM-12,"Define, implement and evaluate processes, procedures and technical
measures to ensure the logging infrastructure is read-only for all with write
access, including privileged access roles, and that the ability to disable it
is controlled through a procedure that ensures the segregation of duties and
break glass procedures.
",IAM-12.1,"Are processes, procedures, and technical measures to ensure the logging infrastructure
is ""read-only"" for all with write access (including privileged access roles) defined,
implemented, and evaluated?
",No
Identity & Access Management,,,,IAM-12.2,"Is the ability to disable the ""read-only"" configuration of logging infrastructure
controlled through a procedure that ensures the segregation of duties and break
glass procedures?
",No
Identity & Access Management,Uniquely Identifiable Users,IAM-13,"Define, implement and evaluate processes, procedures and technical
measures that ensure users are identifiable through unique IDs or which can
associate individuals to the usage of user IDs.
",IAM-13.1,"Are processes, procedures, and technical measures that ensure users are identifiable
through unique identification (or can associate individuals with user identification
usage) defined, implemented, and evaluated?
",No
Identity & Access Management,Strong Authentication,IAM-14,"Define, implement and evaluate processes, procedures and technical
measures for authenticating access to systems, application and data assets,
including multifactor authentication for at least privileged user and sensitive
data access. Adopt digital certificates or alternatives which achieve an equivalent
level of security for system identities.
",IAM-14.1,"Are processes, procedures, and technical measures for authenticating access
to systems, application, and data assets including multifactor authentication
for a least-privileged user and sensitive data access defined, implemented, and
evaluated?
",Yes
Identity & Access Management,,,,IAM-14.2,"Are digital certificates or alternatives that achieve an equivalent security
level for system identities adopted?
",Yes
Identity & Access Management,Passwords Management,IAM-15,"Define, implement and evaluate processes, procedures and technical
measures for the secure management of passwords.
",IAM-15.1,"Are processes, procedures, and technical measures for the secure management
of passwords defined, implemented, and evaluated?
",No
Identity & Access Management,Authorization Mechanisms,IAM-16,"Define, implement and evaluate processes, procedures and technical
measures to verify access to data and system functions is authorized.
",IAM-16.1,"Are processes, procedures, and technical measures to verify access to data
and system functions authorized, defined, implemented, and evaluated?
",No
Interoperability & Portability,Interoperability and Portability Policy and Procedures,IPY-01,"Establish, document, approve, communicate, apply, evaluate and maintain
policies and procedures for interoperability and portability including
requirements for:
a. Communications between application interfaces
b. Information processing interoperability
c. Application development portability
d. Information/Data exchange, usage, portability, integrity, and persistence
Review and update the policies and procedures at least annually.
",IPY-01.1,"Are policies and procedures established, documented, approved, communicated,
applied, evaluated, and maintained for communications between application services
(e.g., APIs)?
",Yes
Interoperability & Portability,,,,IPY-01.2,"Are policies and procedures established, documented, approved, communicated,
applied, evaluated, and maintained for information processing interoperability?
",Yes
Interoperability & Portability,,,,IPY-01.3,"Are policies and procedures established, documented, approved, communicated,
applied, evaluated, and maintained for application development portability?
",Yes
Interoperability & Portability,,,,IPY-01.4,"Are policies and procedures established, documented, approved, communicated,
applied, evaluated, and maintained for information/data exchange, usage, portability,
integrity, and persistence?
",Yes
Interoperability & Portability,,,,IPY-01.5,"Are interoperability and portability policies and procedures reviewed and
updated at least annually?
",Yes
Interoperability & Portability,Application Interface Availability,IPY-02,"Provide application interface(s) to CSCs so that they programmatically
retrieve their data to enable interoperability and portability.
",IPY-02.1,"Are CSCs able to programmatically retrieve their data via an application interface(s)
to enable interoperability and portability?
",No
Interoperability & Portability,Secure Interoperability and Portability Management,IPY-03,"Implement cryptographically secure and standardized network protocols
for the management, import and export of data.
",IPY-03.1,"Are cryptographically secure and standardized network protocols implemented
for the management, import, and export of data?
",No
Interoperability & Portability,Data Portability Contractual Obligations,IPY-04,"Agreements must include provisions specifying CSCs access to data
upon contract termination and will include:
a. Data format
b. Length of time the data will be stored
c. Scope of the data retained and made available to the CSCs
d. Data deletion policy
",IPY-04.1,"Do agreements include provisions specifying CSC data access upon contract termination, and have the following?
a. Data format
b. Duration data will be stored
c. Scope of the data retained and made available to the CSCs
d. Data deletion policy
",No
Infrastructure & Virtualization Security,Infrastructure and Virtualization Security Policy and Procedures,IVS-01,"Establish, document, approve, communicate, apply, evaluate and maintain
policies and procedures for infrastructure and virtualization security. Review
and update the policies and procedures at least annually.
",IVS-01.1,"Are infrastructure and virtualization security policies and procedures established,
documented, approved, communicated, applied, evaluated, and maintained?
",No
Infrastructure & Virtualization Security,,,,IVS-01.2,"Are infrastructure and virtualization security policies and procedures reviewed
and updated at least annually?
",No
Infrastructure & Virtualization Security,Capacity and Resource Planning,IVS-02,"Plan and monitor the availability, quality, and adequate capacity
of resources in order to deliver the required system performance as determined
by the business.
",IVS-02.1,"Is resource availability, quality, and capacity planned and monitored in a
way that delivers required system performance, as determined by the business?
",No
Infrastructure & Virtualization Security,Network Security,IVS-03,"Monitor, encrypt and restrict communications between environments
to only authenticated and authorized connections, as justified by the business.
Review these configurations at least annually, and support them by a documented
justification of all allowed services, protocols, ports, and compensating controls.
",IVS-03.1,"Are communications between environments monitored?
",Yes
Infrastructure & Virtualization Security,,,,IVS-03.2,"Are communications between environments encrypted?
",Yes
Infrastructure & Virtualization Security,,,,IVS-03.3,"Are communications between environments restricted to only authenticated and
authorized connections, as justified by the business?
",Yes
Infrastructure & Virtualization Security,,,,IVS-03.4,"Are network configurations reviewed at least annually?
",Yes
Infrastructure & Virtualization Security,,,,IVS-03.5,"Are network configurations supported by the documented justification of all
allowed services, protocols, ports, and compensating controls?
",Yes
Infrastructure & Virtualization Security,OS Hardening and Base Controls,IVS-04,"Harden host and guest OS, hypervisor or infrastructure control plane
according to their respective best practices, and supported by technical controls,
as part of a security baseline.
",IVS-04.1,"Is every host and guest OS, hypervisor, or infrastructure control plane hardened
(according to their respective best practices) and supported by technical controls
as part of a security baseline?
",Yes
Infrastructure & Virtualization Security,Production and Non-Production Environments,IVS-05,"Separate production and non-production environments.
",IVS-05.1,"Are production and non-production environments separated?
",No
Infrastructure & Virtualization Security,Segmentation and Segregation,IVS-06,"Design, develop, deploy and configure applications and infrastructures
such that CSP and CSC (tenant) user access and intra-tenant access is appropriately
segmented and segregated, monitored and restricted from other tenants.
",IVS-06.1,"Are applications and infrastructures designed, developed, deployed, and configured
such that CSP and CSC (tenant) user access and intra-tenant access is appropriately
segmented, segregated, monitored, and restricted from other tenants?
",Yes
Infrastructure & Virtualization Security,Migration to Cloud Environments,IVS-07,"Use secure and encrypted communication channels when migrating servers,
services, applications, or data to cloud environments. Such channels must include
only up-to-date and approved protocols.
",IVS-07.1,"Are secure and encrypted communication channels including only up-to-date
and approved protocols used when migrating servers, services, applications, or
data to cloud environments?
",Yes
Infrastructure & Virtualization Security,Network Architecture Documentation,IVS-08,"Identify and document high-risk environments.
",IVS-08.1,"Are high-risk environments identified and documented?
",No
Infrastructure & Virtualization Security,Network Defense,IVS-09,"Define, implement and evaluate processes, procedures and defense-in-depth
techniques for protection, detection, and timely response to network-based attacks.
",IVS-09.1,"Are processes, procedures, and defense-in-depth techniques defined, implemented,
and evaluated for protection, detection, and timely response to network-based
attacks?
",Yes
Logging and Monitoring,Logging and Monitoring Policy and Procedures,LOG-01,"Establish, document, approve, communicate, apply, evaluate and maintain
policies and procedures for logging and monitoring. Review and update the policies
and procedures at least annually.
",LOG-01.1,"Are logging and monitoring policies and procedures established, documented,
approved, communicated, applied, evaluated, and maintained?
",Yes
Logging and Monitoring,,,,LOG-01.2,"Are policies and procedures reviewed and updated at least annually?
",Yes
Logging and Monitoring,Audit Logs Protection,LOG-02,"Define, implement and evaluate processes, procedures and technical
measures to ensure the security and retention of audit logs.
",LOG-02.1,"Are processes, procedures, and technical measures defined, implemented, and
evaluated to ensure audit log security and retention?
",No
Logging and Monitoring,Security Monitoring and Alerting,LOG-03,"Identify and monitor security-related events within applications
and the underlying infrastructure. Define and implement a system to generate
alerts to responsible stakeholders based on such events and corresponding metrics.
",LOG-03.1,"Are security-related events identified and monitored within applications and
the underlying infrastructure?
",No
Logging and Monitoring,,,,LOG-03.2,"Is a system defined and implemented to generate alerts to responsible stakeholders
based on security events and their corresponding metrics?
",No
Logging and Monitoring,Audit Logs Access and Accountability,LOG-04,"Restrict audit logs access to authorized personnel and maintain records
that provide unique access accountability.
",LOG-04.1,"Is access to audit logs restricted to authorized personnel, and are records
maintained to provide unique access accountability?
",Yes
Logging and Monitoring,Audit Logs Monitoring and Response,LOG-05,"Monitor security audit logs to detect activity outside of typical
or expected patterns. Establish and follow a defined process to review and take
appropriate and timely actions on detected anomalies.
",LOG-05.1,"Are security audit logs monitored to detect activity outside of typical or
expected patterns?
",Yes
Logging and Monitoring,,,,LOG-05.2,"Is a process established and followed to review and take appropriate and timely
actions on detected anomalies?
",Yes
Logging and Monitoring,Clock Synchronization,LOG-06,"Use a reliable time source across all relevant information processing
systems.
",LOG-06.1,"Is a reliable time source being used across all relevant information processing
systems?
",No
Logging and Monitoring,Logging Scope,LOG-07,"Establish, document and implement which information meta/data system
events should be logged. Review and update the scope at least annually or whenever
there is a change in the threat environment.
",LOG-07.1,"Are logging requirements for information meta/data system events established,
documented, and implemented?
",No
Logging and Monitoring,,,,LOG-07.2,"Is the scope reviewed and updated at least annually, or whenever there is
a change in the threat environment?
",No
Logging and Monitoring,Log Records,LOG-08,"Generate audit records containing relevant security information.
",LOG-08.1,"Are audit records generated, and do they contain relevant security information?
",No
Logging and Monitoring,Log Protection,LOG-09,"The information system protects audit records from unauthorized access,
modification, and deletion.
",LOG-09.1,"Does the information system protect audit records from unauthorized access,
modification, and deletion?
",No
Logging and Monitoring,Encryption Monitoring and Reporting,LOG-10,"Establish and maintain a monitoring and internal reporting capability
over the operations of cryptographic, encryption and key management policies,
processes, procedures, and controls.
",LOG-10.1,"Are monitoring and internal reporting capabilities established to report on
cryptographic operations, encryption, and key management policies, processes,
procedures, and controls?
",No
Logging and Monitoring,Transaction/Activity Logging,LOG-11,"Log and monitor key lifecycle management events to enable auditing
and reporting on usage of cryptographic keys.
",LOG-11.1,"Are key lifecycle management events logged and monitored to enable auditing
and reporting on cryptographic keys' usage?
",No
Logging and Monitoring,Access Control Logs,LOG-12,"Monitor and log physical access using an auditable access control
system.
",LOG-12.1,"Is physical access logged and monitored using an auditable access control
system?
",No
Logging and Monitoring,Failures and Anomalies Reporting,LOG-13,"Define, implement and evaluate processes, procedures and technical
measures for the reporting of anomalies and failures of the monitoring system
and provide immediate notification to the accountable party.
",LOG-13.1,"Are processes and technical measures for reporting monitoring system anomalies
and failures defined, implemented, and evaluated?
",No
Logging and Monitoring,,,,LOG-13.2,"Are accountable parties immediately notified about anomalies and failures?
",No
"Security Incident Management, E-Discovery, & Cloud Forensics",Security Incident Management Policy and Procedures,SEF-01,"Establish, document, approve, communicate, apply, evaluate and maintain
policies and procedures for Security Incident Management, E-Discovery, and Cloud
Forensics. Review and update the policies and procedures at least annually.
",SEF-01.1,"Are policies and procedures for security incident management, e-discovery,
and cloud forensics established, documented, approved, communicated, applied,
evaluated, and maintained?
",No
"Security Incident Management, E-Discovery, & Cloud Forensics",,,,SEF-01.2,"Are policies and procedures reviewed and updated annually?
",No
"Security Incident Management, E-Discovery, & Cloud Forensics",Service Management Policy and Procedures,SEF-02,"Establish, document, approve, communicate, apply, evaluate and maintain
policies and procedures for the timely management of security incidents. Review
and update the policies and procedures at least annually.
",SEF-02.1,"Are policies and procedures for timely management of security incidents established,
documented, approved, communicated, applied, evaluated, and maintained?
",No
"Security Incident Management, E-Discovery, & Cloud Forensics",,,,SEF-02.2,"Are policies and procedures for timely management of security incidents reviewed
and updated at least annually?
",No
"Security Incident Management, E-Discovery, & Cloud Forensics",Incident Response Plans,SEF-03,"'Establish, document, approve, communicate, apply, evaluate and maintain
a security incident response plan, which includes but is not limited to: relevant
internal departments, impacted CSCs, and other business critical relationships
(such as supply-chain) that may be impacted.'
",SEF-03.1,"Is a security incident response plan that includes relevant internal departments,
impacted CSCs, and other business-critical relationships (such as supply-chain)
established, documented, approved, communicated, applied, evaluated, and maintained?
",Yes
"Security Incident Management, E-Discovery, & Cloud Forensics",Incident Response Testing,SEF-04,"Test and update as necessary incident response plans at planned intervals
or upon significant organizational or environmental changes for effectiveness.
",SEF-04.1,"Is the security incident response plan tested and updated for effectiveness,
as necessary, at planned intervals or upon significant organizational or environmental
changes?
",Yes
"Security Incident Management, E-Discovery, & Cloud Forensics",Incident Response Metrics,SEF-05,"Establish and monitor information security incident metrics.
",SEF-05.1,"Are information security incident metrics established and monitored?
",No
"Security Incident Management, E-Discovery, & Cloud Forensics",Event Triage Processes,SEF-06,"Define, implement and evaluate processes, procedures and technical
measures supporting business processes to triage security-related events.
",SEF-06.1,"Are processes, procedures, and technical measures supporting business processes
to triage security-related events defined, implemented, and evaluated?
",No
"Security Incident Management, E-Discovery, & Cloud Forensics",Security Breach Notification,SEF-07,"Define and implement, processes, procedures and technical measures
for security breach notifications. Report security breaches and assumed security
breaches including any relevant supply chain breaches, as per applicable SLAs,
laws and regulations.
",SEF-07.1,"Are processes, procedures, and technical measures for security breach notifications
defined and implemented?
",Yes
"Security Incident Management, E-Discovery, & Cloud Forensics",,,,SEF-07.2,"Are security breaches and assumed security breaches reported (including any
relevant supply chain breaches) as per applicable SLAs, laws, and regulations?
",Yes
"Security Incident Management, E-Discovery, & Cloud Forensics",Points of Contact Maintenance,SEF-08,"Maintain points of contact for applicable regulation authorities,
national and local law enforcement, and other legal jurisdictional authorities.
",SEF-08.1,"Are points of contact maintained for applicable regulation authorities, national
and local law enforcement, and other legal jurisdictional authorities?
",No
"Supply Chain Management, Transparency, and Accountability",SSRM Policy and Procedures,STA-01,"Establish, document, approve, communicate, apply, evaluate and maintain
policies and procedures for the application of the Shared Security Responsibility
Model (SSRM) within the organization. Review and update the policies and procedures
at least annually.
",STA-01.1,"Are policies and procedures implementing the shared security responsibility
model (SSRM) within the organization established, documented, approved, communicated,
applied, evaluated, and maintained?
",No
"Supply Chain Management, Transparency, and Accountability",,,,STA-01.2,"Are the policies and procedures that apply the SSRM reviewed and updated annually?
",No
"Supply Chain Management, Transparency, and Accountability",SSRM Supply Chain,STA-02,"Apply, document, implement and manage the SSRM throughout the supply
chain for the cloud service offering.
",STA-02.1,"Is the SSRM applied, documented, implemented, and managed throughout the supply
chain for the cloud service offering?
",Yes
"Supply Chain Management, Transparency, and Accountability",SSRM Guidance,STA-03,"Provide SSRM Guidance to the CSC detailing information about the
SSRM applicability throughout the supply chain.
",STA-03.1,"Is the CSC given SSRM guidance detailing information about SSRM applicability
throughout the supply chain?
",No
"Supply Chain Management, Transparency, and Accountability",SSRM Control Ownership,STA-04,"Delineate the shared ownership and applicability of all CSA CCM controls
according to the SSRM for the cloud service offering.
",STA-04.1,"Is the shared ownership and applicability of all CSA CCM controls delineated
according to the SSRM for the cloud service offering?
",Yes
"Supply Chain Management, Transparency, and Accountability",SSRM Documentation Review,STA-05,"Review and validate SSRM documentation for all cloud services offerings
the organization uses.
",STA-05.1,"Is SSRM documentation for all cloud services the organization uses reviewed
and validated?
",No
"Supply Chain Management, Transparency, and Accountability",SSRM Control Implementation,STA-06,"Implement, operate, and audit or assess the portions of the SSRM
which the organization is responsible for.
",STA-06.1,"Are the portions of the SSRM the organization is responsible for implemented,
operated, audited, or assessed?
",No
"Supply Chain Management, Transparency, and Accountability",Supply Chain Inventory,STA-07,"Develop and maintain an inventory of all supply chain relationships.
",STA-07.1,"Is an inventory of all supply chain relationships developed and maintained?
",Yes
"Supply Chain Management, Transparency, and Accountability",Supply Chain Risk Management,STA-08,"CSPs periodically review risk factors associated with all organizations
within their supply chain.
",STA-08.1,"Are risk factors associated with all organizations within the supply chain
periodically reviewed by CSPs?
",No
"Supply Chain Management, Transparency, and Accountability",Primary Service and Contractual Agreement,STA-09,"Service agreements between CSPs and CSCs (tenants) must incorporate at least the following mutually-agreed upon provisions and/or terms:
 Scope, characteristics and location of business relationship and services offered
 Information security requirements (including SSRM)
 Change management process
 Logging and monitoring capability
 Incident management and communication procedures
 Right to audit and third party assessment
 Service termination
 Interoperability and portability requirements
 Data privacy
",STA-09.1,"Do service agreements between CSPs and CSCs (tenants) incorporate at least the following mutually agreed upon provisions and/or terms?
 Scope, characteristics, and location of business relationship and services offered
 Information security requirements (including SSRM)
 Change management process
 Logging and monitoring capability
 Incident management and communication procedures
 Right to audit and third-party assessment
 Service termination
 Interoperability and portability requirements
 Data privacy
",No
"Supply Chain Management, Transparency, and Accountability",Supply Chain Agreement Review,STA-10,"Review supply chain agreements between CSPs and CSCs at least annually.
",STA-10.1,"Are supply chain agreements between CSPs and CSCs reviewed at least annually?
",No
"Supply Chain Management, Transparency, and Accountability",Internal Compliance Testing,STA-11,"Define and implement a process for conducting internal assessments
to confirm conformance and effectiveness of standards, policies, procedures,
and service level agreement activities at least annually.
",STA-11.1,"Is there a process for conducting internal assessments at least annually to
confirm the conformance and effectiveness of standards, policies, procedures,
and SLA activities?
",No
"Supply Chain Management, Transparency, and Accountability",Supply Chain Service Agreement Compliance,STA-12,"Implement policies requiring all CSPs throughout the supply chain
to comply with information security, confidentiality, access control, privacy,
audit, personnel policy and service level requirements and standards.
",STA-12.1,"Are policies that require all supply chain CSPs to comply with information
security, confidentiality, access control, privacy, audit, personnel policy, and
service level requirements and standards implemented?
",No
"Supply Chain Management, Transparency, and Accountability",Supply Chain Governance Review,STA-13,"Periodically review the organization's supply chain partners' IT
governance policies and procedures.
",STA-13.1,"Are supply chain partner IT governance policies and procedures reviewed periodically?
",No
"Supply Chain Management, Transparency, and Accountability",Supply Chain Data Security Assessment,STA-14,"Define and implement a process for conducting security assessments
periodically for all organizations within the supply chain.
",STA-14.1,"Is a process to conduct periodic security assessments for all supply chain
organizations defined and implemented?
",No
Threat & Vulnerability Management,Threat and Vulnerability Management Policy and Procedures,TVM-01,"Establish, document, approve, communicate, apply, evaluate and maintain
policies and procedures to identify, report and prioritize the remediation of
vulnerabilities, in order to protect systems against vulnerability exploitation.
Review and update the policies and procedures at least annually.
",TVM-01.1,"Are policies and procedures established, documented, approved, communicated,
applied, evaluated, and maintained to identify, report, and prioritize the remediation
of vulnerabilities to protect systems against vulnerability exploitation?
",No
Threat & Vulnerability Management,,,,TVM-01.2,"Are threat and vulnerability management policies and procedures reviewed and
updated at least annually?
",No
Threat & Vulnerability Management,Malware Protection Policy and Procedures,TVM-02,"Establish, document, approve, communicate, apply, evaluate and maintain
policies and procedures to protect against malware on managed assets. Review
and update the policies and procedures at least annually.
",TVM-02.1,"Are policies and procedures to protect against malware on managed assets established,
documented, approved, communicated, applied, evaluated, and maintained?
",Yes
Threat & Vulnerability Management,,,,TVM-02.2,"Are asset management and malware protection policies and procedures reviewed
and updated at least annually?
",Yes
Threat & Vulnerability Management,Vulnerability Remediation Schedule,TVM-03,"Define, implement and evaluate processes, procedures and technical
measures to enable both scheduled and emergency responses to vulnerability identifications,
based on the identified risk.
",TVM-03.1,"Are processes, procedures, and technical measures defined, implemented, and
evaluated to enable scheduled and emergency responses to vulnerability identifications
(based on the identified risk)?
",Yes
Threat & Vulnerability Management,Detection Updates,TVM-04,"Define, implement and evaluate processes, procedures and technical
measures to update detection tools, threat signatures, and indicators of compromise
on a weekly, or more frequent basis.
",TVM-04.1,"Are processes, procedures, and technical measures defined, implemented, and
evaluated to update detection tools, threat signatures, and compromise indicators
weekly (or more frequent) basis?
",Yes
Threat & Vulnerability Management,External Library Vulnerabilities,TVM-05,"Define, implement and evaluate processes, procedures and technical
measures to identify updates for applications which use third party or open
source libraries according to the organization's vulnerability management policy.
",TVM-05.1,"Are processes, procedures, and technical measures defined, implemented, and
evaluated to identify updates for applications that use third-party or open-source
libraries (according to the organization's vulnerability management policy)?
",No
Threat & Vulnerability Management,Penetration Testing,TVM-06,"Define, implement and evaluate processes, procedures and technical
measures for the periodic performance of penetration testing by independent
third parties.
",TVM-06.1,"Are processes, procedures, and technical measures defined, implemented, and
evaluated for periodic, independent, third-party penetration testing?
",No
Threat & Vulnerability Management,Vulnerability Identification,TVM-07,"Define, implement and evaluate processes, procedures and technical
measures for the detection of vulnerabilities on organizationally managed assets
at least monthly.
",TVM-07.1,"Are processes, procedures, and technical measures defined, implemented, and
evaluated for vulnerability detection on organizationally managed assets at least
monthly?
",Yes
Threat & Vulnerability Management,Vulnerability Prioritization,TVM-08,"Use a risk-based model for effective prioritization of vulnerability
remediation using an industry recognized framework.
",TVM-08.1,"Is vulnerability remediation prioritized using a risk-based model from an
industry-recognized framework?
",No
Threat & Vulnerability Management,Vulnerability Management Reporting,TVM-09,"Define and implement a process for tracking and reporting vulnerability
identification and remediation activities that includes stakeholder notification.
",TVM-09.1,"Is a process defined and implemented to track and report vulnerability identification
and remediation activities that include stakeholder notification?
",Yes
Threat & Vulnerability Management,Vulnerability Management Metrics,TVM-10,"Establish, monitor and report metrics for vulnerability identification
and remediation at defined intervals.
",TVM-10.1,"Are metrics for vulnerability identification and remediation established,
monitored, and reported at defined intervals?
",No
Universal Endpoint Management,Endpoint Devices Policy and Procedures,UEM-01,"Establish, document, approve, communicate, apply, evaluate and maintain
policies and procedures for all endpoints. Review and update the policies and
procedures at least annually.
",UEM-01.1,"Are policies and procedures established, documented, approved, communicated,
applied, evaluated, and maintained for all endpoints?
",No
Universal Endpoint Management,,,,UEM-01.2,"Are universal endpoint management policies and procedures reviewed and updated
at least annually?
",No
Universal Endpoint Management,Application and Service Approval,UEM-02,"Define, document, apply and evaluate a list of approved services,
applications and sources of applications (stores) acceptable for use by endpoints
when accessing or storing organization-managed data.
",UEM-02.1,"Is there a defined, documented, applicable and evaluated list containing approved
services, applications, and the sources of applications (stores) acceptable for
use by endpoints when accessing or storing organization-managed data?
",Yes
Universal Endpoint Management,Compatibility,UEM-03,"Define and implement a process for the validation of the endpoint
device's compatibility with operating systems and applications.
",UEM-03.1,"Is a process defined and implemented to validate endpoint device compatibility
with operating systems and applications?
",No
Universal Endpoint Management,Endpoint Inventory,UEM-04,"Maintain an inventory of all endpoints used to store and access company
data.
",UEM-04.1,"Is an inventory of all endpoints used and maintained to store and access company
data?
",Yes
Universal Endpoint Management,Endpoint Management,UEM-05,"Define, implement and evaluate processes, procedures and technical
measures to enforce policies and controls for all endpoints permitted to access
systems and/or store, transmit, or process organizational data.
",UEM-05.1,"Are processes, procedures, and technical measures defined, implemented and
evaluated, to enforce policies and controls for all endpoints permitted to access
systems and/or store, transmit, or process organizational data?
",Yes
Universal Endpoint Management,Automatic Lock Screen,UEM-06,"Configure all relevant interactive-use endpoints to require an automatic
lock screen.
",UEM-06.1,"Are all relevant interactive-use endpoints configured to require an automatic
lock screen?
",Yes
Universal Endpoint Management,Operating Systems,UEM-07,"Manage changes to endpoint operating systems, patch levels, and/or
applications through the company's change management processes.
",UEM-07.1,"Are changes to endpoint operating systems, patch levels, and/or applications
managed through the organizational change management process?
",No
Universal Endpoint Management,Storage Encryption,UEM-08,"Protect information from unauthorized disclosure on managed endpoint
devices with storage encryption.
",UEM-08.1,"Is information protected from unauthorized disclosure on managed endpoints
with storage encryption?
",No
Universal Endpoint Management,Anti-Malware Detection and Prevention,UEM-09,"Configure managed endpoints with anti-malware detection and prevention
technology and services.
",UEM-09.1,"Are anti-malware detection and prevention technology services configured on
managed endpoints?
",Yes
Universal Endpoint Management,Software Firewall,UEM-10,"Configure managed endpoints with properly configured software firewalls.
",UEM-10.1,"Are software firewalls configured on managed endpoints?
",Yes
Universal Endpoint Management,Data Loss Prevention,UEM-11,"Configure managed endpoints with Data Loss Prevention (DLP) technologies
and rules in accordance with a risk assessment.
",UEM-11.1,"Are managed endpoints configured with data loss prevention (DLP) technologies
and rules per a risk assessment?
",No
Universal Endpoint Management,Remote Locate,UEM-12,"Enable remote geo-location capabilities for all managed mobile endpoints.
",UEM-12.1,"Are remote geolocation capabilities enabled for all managed mobile endpoints?
",No
Universal Endpoint Management,Remote Wipe,UEM-13,"Define, implement and evaluate processes, procedures and technical
measures to enable the deletion of company data remotely on managed endpoint
devices.
",UEM-13.1,"Are processes, procedures, and technical measures defined, implemented, and
evaluated to enable remote company data deletion on managed endpoint devices?
",Yes
Universal Endpoint Management,Third-Party Endpoint Security Posture,UEM-14,"Define, implement and evaluate processes, procedures and technical
and/or contractual measures to maintain proper security of third-party endpoints
with access to organizational assets.
",UEM-14.1,"Are processes, procedures, and technical and/or contractual measures defined,
implemented, and evaluated to maintain proper security of third-party endpoints
with access to organizational assets?
",No
